date,ticker,side,price,value_inr,pnl_inr,held_days,term
2016-01-04,NCLIND,BUY,135.01,"26,576",,0,
2016-01-04,JUBILANT,BUY,421.55,"26,952",,0,
2016-01-04,TNPL,BUY,209.32,"36,203",,0,
2016-01-04,RAJESHEXPO,BUY,679.86,"23,552",,0,
2016-01-04,COSMOFILMS,BUY,285.65,"25,825",,0,
2016-01-04,INTELLECT,BUY,271.94,"22,719",,0,
2016-01-04,TATAELXSI,BUY,1001.78,"25,181",,0,
2016-01-04,MOREPENLAB,BUY,40.55,"19,317",,0,
2016-01-04,ESSAROIL,BUY,258.45,"26,791",,0,
2016-01-04,KWALITY,BUY,137.35,"17,683",,0,
2016-01-04,PIPAVAVDOC,BUY,89.35,"29,429",,0,
2016-01-04,TANLA,BUY,43.49,"18,319",,0,
2016-01-04,KRBL,BUY,208.40,"29,058",,0,
2016-01-04,KEI,BUY,114.02,"25,012",,0,
2016-01-04,NILKAMAL,BUY,1164.85,"20,883",,0,
2016-01-04,HIMATSEIDE,BUY,198.75,"21,483",,0,
2016-01-04,BALAJITELE,BUY,132.58,"23,064",,0,
2016-01-04,DISHMAN,BUY,163.75,"20,021",,0,
2016-01-04,BRITANNIA,BUY,1298.50,"39,902",,0,
2016-01-04,LLOYDELENG,BUY,298.95,"20,809",,0,
2016-03-10,ESSAROIL,SELL,nan,"20,439","-6,352",66,STCG
2016-04-22,PIPAVAVDOC,SELL,nan,"16,477","-12,953",109,STCG
2016-07-08,BALAJITELE,SELL,98.84,"17,193","-5,870",186,STCG
2016-07-08,BRITANNIA,SELL,1225.31,"37,653","-2,249",186,STCG
2016-07-08,COSMOFILMS,SELL,342.45,"13,515","2,242",186,STCG
2016-07-08,DISHMAN,SELL,134.92,"16,496","-3,525",186,STCG
2016-07-08,HIMATSEIDE,SELL,246.04,"8,454","1,625",186,STCG
2016-07-08,INTELLECT,SELL,210.82,"17,613","-5,106",186,STCG
2016-07-08,JUBILANT,SELL,317.60,"20,306","-6,646",186,STCG
2016-07-08,KEI,SELL,123.93,"27,186","2,174",186,STCG
2016-07-08,KRBL,SELL,264.22,"10,287","2,173",186,STCG
2016-07-08,KWALITY,SELL,111.55,"14,362","-3,322",186,STCG
2016-07-08,LLOYDELENG,SELL,249.80,"17,388","-3,421",186,STCG
2016-07-08,MOREPENLAB,SELL,24.75,"11,790","-7,527",186,STCG
2016-07-08,NCLIND,SELL,119.14,"23,454","-3,123",186,STCG
2016-07-08,NILKAMAL,SELL,1118.54,"20,053",-830,186,STCG
2016-07-08,RAJESHEXPO,SELL,452.74,"15,684","-7,868",186,STCG
2016-07-08,TANLA,SELL,34.00,"14,319","-3,999",186,STCG
2016-07-08,TATAELXSI,SELL,784.57,"19,721","-5,460",186,STCG
2016-07-08,TNPL,SELL,214.30,"14,179",329,186,STCG
2016-07-08,RAMCOCEM,BUY,560.51,"35,156",,0,
2016-07-08,BIOCON,BUY,119.94,"35,156",,0,
2016-07-08,PEL,BUY,1301.14,"31,610",,0,
2016-07-08,BALRAMCHIN,BUY,113.15,"21,462",,0,
2016-07-08,GNFC,BUY,122.06,"20,785",,0,
2016-07-08,BODALCHEM,BUY,103.22,"18,327",,0,
2016-07-08,DALMIABHA,BUY,1208.78,"26,629",,0,
2016-07-08,DALMIASUG,BUY,139.17,"13,671",,0,
2016-07-08,MANAPPURAM,BUY,72.99,"20,342",,0,
2016-07-08,TATAMETALI,BUY,345.21,"14,305",,0,
2016-07-08,CAPF,BUY,598.35,"31,227",,0,
2016-07-08,RUSHIL,BUY,42.81,"12,361",,0,
2016-07-08,DHAMPURSUG,BUY,97.21,"14,166",,0,
2016-07-08,TRIVENI,BUY,59.48,"16,327",,0,
2016-07-08,PRICOL,BUY,84.10,"18,260",,0,
2016-07-08,UFLEX,BUY,222.86,"25,040",,0,
2017-01-02,PRICOL,SELL,nan,"14,868","-3,393",178,STCG
2017-01-11,BIOCON,SELL,165.35,"17,664","4,851",187,STCG
2017-01-11,BODALCHEM,SELL,130.75,"1,897",399,187,STCG
2017-01-11,CAPF,SELL,605.04,"31,576",349,187,STCG
2017-01-11,COSMOFILMS,SELL,357.60,"18,217","3,665",373,LTCG
2017-01-11,DALMIABHA,SELL,1671.52,"36,823","10,194",187,STCG
2017-01-11,GNFC,SELL,201.12,"15,424","6,063",187,STCG
2017-01-11,HIMATSEIDE,SELL,316.28,"23,319","8,666",373,LTCG
2017-01-11,KRBL,SELL,293.08,"29,454","8,510",373,LTCG
2017-01-11,MANAPPURAM,SELL,68.92,"19,208","-1,134",187,STCG
2017-01-11,PEL,SELL,1529.78,"12,834","1,918",187,STCG
2017-01-11,RAMCOCEM,SELL,598.92,"37,565","2,409",187,STCG
2017-01-11,RUSHIL,SELL,65.01,"18,770","6,409",187,STCG
2017-01-11,TATAMETALI,SELL,342.18,"14,180",-126,187,STCG
2017-01-11,TNPL,SELL,280.07,"29,908","7,555",373,LTCG
2017-01-11,TRIVENI,SELL,69.20,"18,995","2,669",187,STCG
2017-01-11,UFLEX,SELL,269.59,"30,290","5,250",187,STCG
2017-01-11,BALRAMCHIN,BUY,126.48,"5,670",,0,
2017-01-11,DALMIASUG,BUY,143.88,"3,051",,0,
2017-01-11,DHAMPURSUG,BUY,136.29,"2,828",,0,
2017-01-11,IGL,BUY,82.02,"41,736",,0,
2017-01-11,HINDZINC,BUY,125.27,"31,994",,0,
2017-01-11,VAKRANGEE,BUY,132.53,"41,736",,0,
2017-01-11,CAIRN,BUY,263.65,"28,761",,0,
2017-01-11,HINDPETRO,BUY,151.65,"33,910",,0,
2017-01-11,LAKSHMIEFL,BUY,64.35,"12,338",,0,
2017-01-11,ASTEC,BUY,606.22,"18,033",,0,
2017-01-11,APTECHT,BUY,112.57,"15,397",,0,
2017-01-11,IOC,BUY,62.55,"33,151",,0,
2017-01-11,COROMANDEL,BUY,301.30,"28,701",,0,
2017-01-11,GHCL,BUY,221.51,"25,351",,0,
2017-01-11,HINDALCO,BUY,166.06,"25,953",,0,
2017-01-11,JKPAPER,BUY,78.93,"20,568",,0,
2017-05-25,CAIRN,SELL,nan,"23,346","-5,415",134,STCG
2017-07-17,APTECHT,SELL,121.60,"16,632","1,235",187,STCG
2017-07-17,ASTEC,SELL,554.71,"16,500","-1,533",187,STCG
2017-07-17,BALRAMCHIN,SELL,140.74,"26,694","5,232",374,LTCG
2017-07-17,BALRAMCHIN,SELL,140.74,"6,309",639,187,STCG
2017-07-17,BIOCON,SELL,202.33,"37,691","15,348",374,LTCG
2017-07-17,BODALCHEM,SELL,177.98,"29,019","12,190",374,LTCG
2017-07-17,COROMANDEL,SELL,385.45,"6,572","1,435",187,STCG
2017-07-17,DALMIASUG,SELL,135.49,"13,309",-362,374,LTCG
2017-07-17,DALMIASUG,SELL,135.49,"2,873",-178,187,STCG
2017-07-17,DHAMPURSUG,SELL,168.03,"24,488","10,321",374,LTCG
2017-07-17,DHAMPURSUG,SELL,168.03,"3,486",659,187,STCG
2017-07-17,GHCL,SELL,196.85,"22,529","-2,822",187,STCG
2017-07-17,GNFC,SELL,223.01,"20,872","9,448",374,LTCG
2017-07-17,HINDALCO,SELL,198.53,"31,026","5,073",187,STCG
2017-07-17,HINDPETRO,SELL,185.08,"41,385","7,475",187,STCG
2017-07-17,HINDZINC,SELL,137.52,"35,124","3,130",187,STCG
2017-07-17,IGL,SELL,100.31,"7,892","1,439",187,STCG
2017-07-17,IOC,SELL,70.13,"37,169","4,018",187,STCG
2017-07-17,JKPAPER,SELL,81.17,"21,152",584,187,STCG
2017-07-17,LAKSHMIEFL,SELL,39.40,"7,554","-4,784",187,STCG
2017-07-17,PEL,SELL,2560.17,"11,951","5,877",374,LTCG
2017-07-17,VAKRANGEE,SELL,218.07,"19,532","7,661",187,STCG
2017-07-17,BALKRISIND,BUY,778.43,"33,105",,0,
2017-07-17,ESCORTS,BUY,645.13,"29,644",,0,
2017-07-17,TVSMOTOR,BUY,545.04,"42,300",,0,
2017-07-17,DALMIABHA,BUY,2748.46,"35,611",,0,
2017-07-17,KSL,BUY,371.41,"33,475",,0,
2017-07-17,CANFINHOME,BUY,601.63,"28,431",,0,
2017-07-17,CEATLTD,BUY,1734.35,"27,840",,0,
2017-07-17,MARUTI,BUY,6915.83,"47,695",,0,
2017-07-17,IBVENTURES,BUY,176.20,"15,533",,0,
2017-07-17,MRF,BUY,69220.88,"32,975",,0,
2017-07-17,RAIN,BUY,126.23,"20,179",,0,
2017-07-17,VENKEYS,BUY,1946.62,"14,282",,0,
2017-07-17,ADANITRANS,BUY,125.60,"17,397",,0,
2017-07-17,NOCIL,BUY,105.39,"26,775",,0,
2017-07-17,ASIANTILES,BUY,424.53,"30,399",,0,
2017-07-17,JMFINANCIL,BUY,114.74,"25,204",,0,
2018-01-16,ASIANTILES,SELL,572.81,"41,017","10,618",183,STCG
2018-01-16,CANFINHOME,SELL,448.60,"21,199","-7,232",183,STCG
2018-01-16,CEATLTD,SELL,1755.29,"28,177",336,183,STCG
2018-01-16,COROMANDEL,SELL,511.98,"40,040","16,476",370,LTCG
2018-01-16,DALMIABHA,SELL,3123.15,"40,466","4,855",183,STCG
2018-01-16,ESCORTS,SELL,766.00,"35,197","5,554",183,STCG
2018-01-16,IGL,SELL,139.22,"59,885","24,603",370,LTCG
2018-01-16,JMFINANCIL,SELL,148.54,"32,628","7,425",183,STCG
2018-01-16,KSL,SELL,326.43,"29,421","-4,054",183,STCG
2018-01-16,MARUTI,SELL,8656.20,"59,698","12,003",183,STCG
2018-01-16,MRF,SELL,69486.80,"33,102",127,183,STCG
2018-01-16,NOCIL,SELL,182.34,"3,675","1,551",183,STCG
2018-01-16,PEL,SELL,2465.95,"27,708","13,088",557,LTCG
2018-01-16,RAIN,SELL,410.45,"36,319","25,149",183,STCG
2018-01-16,VAKRANGEE,SELL,428.43,"33,730","23,296",370,LTCG
2018-01-16,ADANITRANS,BUY,223.90,"5,495",,0,
2018-01-16,BALKRISIND,BUY,1075.56,"8,760",,0,
2018-01-16,IBVENTURES,BUY,260.10,"14,057",,0,
2018-01-16,TVSMOTOR,BUY,690.56,"12,619",,0,
2018-01-16,VENKEYS,BUY,2472.98,"10,160",,0,
2018-01-16,HEG,BUY,490.90,"28,817",,0,
2018-01-16,GOACARBON,BUY,978.66,"34,202",,0,
2018-01-16,BEPL,BUY,119.09,"32,311",,0,
2018-01-16,GRAPHITE,BUY,633.32,"28,721",,0,
2018-01-16,DBL,BUY,933.40,"44,494",,0,
2018-01-16,GRAVITA,BUY,169.47,"39,010",,0,
2018-01-16,HSCL,BUY,182.56,"33,438",,0,
2018-01-16,GODREJPROP,BUY,786.25,"62,537",,0,
2018-01-16,BOMDYEING,BUY,257.46,"28,808",,0,
2018-01-16,BBTC,BUY,1605.62,"43,464",,0,
2018-01-16,TATAGLOBAL,BUY,316.40,"49,526",,0,
2018-01-16,SUNTECK,BUY,384.75,"43,289",,0,
2018-04-02,ADANITRANS,SELL,193.60,"1,276",448,259,STCG
2018-04-02,BALKRISIND,SELL,1008.23,"2,065",471,259,STCG
2018-04-02,BBTC,SELL,1209.10,"1,323",-434,76,STCG
2018-04-02,BEPL,SELL,107.12,"1,175",-131,76,STCG
2018-04-02,BOMDYEING,SELL,238.06,"1,077",-88,76,STCG
2018-04-02,DBL,SELL,1114.25,"2,147",349,76,STCG
2018-04-02,GOACARBON,SELL,918.48,"1,298",-85,76,STCG
2018-04-02,GODREJPROP,SELL,727.65,"2,340",-188,76,STCG
2018-04-02,GRAPHITE,SELL,605.87,"1,111",-50,76,STCG
2018-04-02,GRAVITA,SELL,149.84,"1,394",-183,76,STCG
2018-04-02,HEG,SELL,549.29,"1,304",139,76,STCG
2018-04-02,HSCL,SELL,150.05,"1,111",-241,76,STCG
2018-04-02,IBVENTURES,SELL,249.90,"1,437",424,259,STCG
2018-04-02,NOCIL,SELL,172.74,"1,633",637,259,STCG
2018-04-02,RAIN,SELL,375.27,"1,083",719,259,STCG
2018-04-02,SUNTECK,SELL,407.31,"1,853",103,76,STCG
2018-04-02,TATAGLOBAL,SELL,276.95,"1,753",-250,76,STCG
2018-04-02,TVSMOTOR,SELL,632.44,"2,452",339,259,STCG
2018-04-02,VAKRANGEE,SELL,206.67,"1,225",439,446,LTCG
2018-04-02,VENKEYS,SELL,3849.80,"1,781",881,259,STCG
2018-07-19,ADANITRANS,SELL,149.20,"19,682","3,113",367,LTCG
2018-07-19,ADANITRANS,SELL,149.20,"3,662","-1,833",184,STCG
2018-07-19,BALKRISIND,SELL,1076.78,"43,587","12,077",367,LTCG
2018-07-19,BALKRISIND,SELL,1076.78,"8,770",10,184,STCG
2018-07-19,BBTC,SELL,1425.67,"37,033","-4,674",184,STCG
2018-07-19,BEPL,SELL,74.35,"19,356","-11,648",184,STCG
2018-07-19,BOMDYEING,SELL,209.57,"22,501","-5,142",184,STCG
2018-07-19,DBL,SELL,663.70,"30,359","-12,337",184,STCG
2018-07-19,GOACARBON,SELL,470.49,"15,778","-17,042",184,STCG
2018-07-19,GODREJPROP,SELL,665.75,"50,811","-9,197",184,STCG
2018-07-19,GRAPHITE,SELL,792.70,"14,887","2,993",184,STCG
2018-07-19,GRAVITA,SELL,140.10,"30,944","-6,488",184,STCG
2018-07-19,HEG,SELL,695.39,"23,310","6,855",184,STCG
2018-07-19,HSCL,SELL,117.10,"20,581","-11,505",184,STCG
2018-07-19,IBVENTURES,SELL,498.00,"41,038","26,518",367,LTCG
2018-07-19,IBVENTURES,SELL,498.00,"10,810","5,164",184,STCG
2018-07-19,NOCIL,SELL,144.70,"32,476","8,822",367,LTCG
2018-07-19,RAIN,SELL,166.99,"11,436","2,791",367,LTCG
2018-07-19,SUNTECK,SELL,381.88,"8,762",-66,184,STCG
2018-07-19,TATAGLOBAL,SELL,233.10,"35,012","-12,512",184,STCG
2018-07-19,TVSMOTOR,SELL,539.17,"39,755",-432,367,LTCG
2018-07-19,TVSMOTOR,SELL,539.17,"9,853","-2,766",184,STCG
2018-07-19,VAKRANGEE,SELL,42.31,"5,952","-12,694",554,LTCG
2018-07-19,VENKEYS,SELL,1811.51,"12,453",-929,367,LTCG
2018-07-19,VENKEYS,SELL,1811.51,"7,443","-2,718",184,STCG
2018-07-19,JUBLFOOD,BUY,277.74,"36,770",,0,
2018-07-19,BRITANNIA,BUY,2819.15,"50,967",,0,
2018-07-19,KPIT,BUY,293.05,"30,611",,0,
2018-07-19,TCS,BUY,1751.98,"40,686",,0,
2018-07-19,DMART,BUY,1522.00,"32,871",,0,
2018-07-19,LTI,BUY,1721.75,"23,387",,0,
2018-07-19,TATAELXSI,BUY,1277.27,"34,931",,0,
2018-07-19,MPHASIS,BUY,951.33,"26,269",,0,
2018-07-19,HINDUNILVR,BUY,1467.89,"50,967",,0,
2018-07-19,VIPIND,BUY,400.84,"25,263",,0,
2018-07-19,BHARATFIN,BUY,1153.65,"50,967",,0,
2018-07-19,PFIZER,BUY,2262.53,"40,884",,0,
2018-07-19,FSL,BUY,54.22,"21,128",,0,
2018-07-19,TITAN,BUY,845.69,"37,115",,0,
2018-07-19,PAGEIND,BUY,25659.16,"29,338",,0,
2018-07-19,NIITTECH,BUY,1102.90,"21,303",,0,
2019-01-24,BHARATFIN,SELL,947.75,"41,871","-9,096",189,STCG
2019-01-24,BRITANNIA,SELL,2857.38,"17,739",237,189,STCG
2019-01-24,DMART,SELL,1391.55,"30,053","-2,817",189,STCG
2019-01-24,FSL,SELL,38.69,"15,075","-6,053",189,STCG
2019-01-24,GRAPHITE,SELL,511.74,"12,659","-3,007",373,LTCG
2019-01-24,HEG,SELL,520.79,"11,879",682,373,LTCG
2019-01-24,HINDUNILVR,SELL,1576.67,"18,646","1,287",189,STCG
2019-01-24,IBVENTURES,SELL,361.35,"11,685","3,274",373,LTCG
2019-01-24,JUBLFOOD,SELL,231.81,"30,691","-6,080",189,STCG
2019-01-24,KPIT,SELL,128.95,"13,470","-17,141",189,STCG
2019-01-24,LTI,SELL,1747.00,"3,381",49,189,STCG
2019-01-24,MPHASIS,SELL,776.64,"21,445","-4,823",189,STCG
2019-01-24,NIITTECH,SELL,1300.70,"6,247",950,189,STCG
2019-01-24,PAGEIND,SELL,21371.25,"24,435","-4,903",189,STCG
2019-01-24,PFIZER,SELL,2385.52,"43,107","2,223",189,STCG
2019-01-24,SUNTECK,SELL,334.25,"28,417","-4,293",373,LTCG
2019-01-24,TATAELXSI,SELL,867.22,"23,717","-11,214",189,STCG
2019-01-24,TCS,SELL,1684.98,"6,514",-259,189,STCG
2019-01-24,TITAN,SELL,946.84,"41,554","4,439",189,STCG
2019-01-24,VIPIND,SELL,469.22,"29,573","4,309",189,STCG
2019-01-24,ABBOTINDIA,BUY,7750.11,"34,828",,0,
2019-01-24,SANOFI,BUY,5278.22,"43,611",,0,
2019-01-24,NESTLEIND,BUY,534.89,"31,903",,0,
2019-01-24,IPCALAB,BUY,382.41,"30,471",,0,
2019-01-24,TORNTPHARM,BUY,869.32,"28,499",,0,
2019-01-24,ATUL,BUY,3433.65,"31,975",,0,
2019-01-24,GSKCONS,BUY,7153.68,"30,479",,0,
2019-01-24,ASIANPAINT,BUY,1330.76,"30,977",,0,
2019-01-24,RELIANCE,BUY,604.69,"25,945",,0,
2019-01-24,LTTS,BUY,1532.95,"18,254",,0,
2019-01-24,BERGEPAINT,BUY,259.65,"26,182",,0,
2019-01-24,MERCK,BUY,3306.20,"16,302",,0,
2019-01-24,CUB,BUY,184.81,"27,957",,0,
2019-01-24,WIPRO,BUY,122.63,"30,429",,0,
2019-01-24,BAJAJFINSV,BUY,639.44,"22,232",,0,
2019-07-09,MERCK,SELL,nan,"14,771","-1,531",166,STCG
2019-07-30,ABBOTINDIA,SELL,7983.48,"3,117",91,187,STCG
2019-07-30,ASIANPAINT,SELL,1432.24,"33,339","2,362",187,STCG
2019-07-30,BAJAJFINSV,SELL,706.61,"24,567","2,335",187,STCG
2019-07-30,BERGEPAINT,SELL,268.98,"27,122",940,187,STCG
2019-07-30,BRITANNIA,SELL,2324.61,"27,595","-5,871",376,LTCG
2019-07-30,HINDUNILVR,SELL,1552.33,"35,541","1,933",376,LTCG
2019-07-30,IPCALAB,SELL,467.82,"7,005","1,279",187,STCG
2019-07-30,LTI,SELL,1511.15,"17,602","-2,453",376,LTCG
2019-07-30,LTTS,SELL,1347.54,"16,046","-2,208",187,STCG
2019-07-30,NESTLEIND,SELL,542.14,"32,336",432,187,STCG
2019-07-30,NIITTECH,SELL,1202.55,"17,452","1,446",376,LTCG
2019-07-30,RELIANCE,SELL,572.43,"24,560","-1,384",187,STCG
2019-07-30,SANOFI,SELL,5025.77,"41,525","-2,086",187,STCG
2019-07-30,TCS,SELL,1951.14,"37,767","3,855",376,LTCG
2019-07-30,TORNTPHARM,SELL,768.35,"25,189","-3,310",187,STCG
2019-07-30,ATUL,BUY,3564.71,"3,298",,0,
2019-07-30,CUB,BUY,189.33,"7,657",,0,
2019-07-30,GSKCONS,BUY,7350.60,"8,225",,0,
2019-07-30,WIPRO,BUY,121.93,"1,032",,0,
2019-07-30,SRF,BUY,523.12,"27,246",,0,
2019-07-30,VINATIORGA,BUY,927.25,"25,265",,0,
2019-07-30,PIIND,BUY,1077.96,"28,387",,0,
2019-07-30,ICICIGI,BUY,1107.05,"26,960",,0,
2019-07-30,SHREECEM,BUY,20221.73,"33,767",,0,
2019-07-30,NAUKRI,BUY,435.58,"19,905",,0,
2019-07-30,RITES,BUY,89.17,"22,976",,0,
2019-07-30,MUTHOOTFIN,BUY,537.23,"24,034",,0,
2019-07-30,PVR,BUY,1575.45,"28,325",,0,
2019-07-30,BALRAMCHIN,BUY,137.05,"17,816",,0,
2019-07-30,JKCEMENT,BUY,928.32,"28,406",,0,
2019-07-30,RAJESHEXPO,BUY,696.20,"32,608",,0,
2019-07-30,UPL,BUY,538.45,"25,048",,0,
2019-07-30,KALPATPOWR,BUY,475.70,"22,698",,0,
2020-02-05,ABBOTINDIA,SELL,12363.79,562,210,377,LTCG
2020-02-05,ATUL,SELL,4869.77,"9,388","2,769",377,LTCG
2020-02-05,BALRAMCHIN,SELL,149.38,"19,419","1,603",190,STCG
2020-02-05,CUB,SELL,224.08,"33,897","5,940",377,LTCG
2020-02-05,CUB,SELL,224.08,"9,062","1,405",190,STCG
2020-02-05,GSKCONS,SELL,9315.10,"39,688","9,209",377,LTCG
2020-02-05,GSKCONS,SELL,9315.10,"10,423","2,198",190,STCG
2020-02-05,IPCALAB,SELL,595.58,"1,910",684,377,LTCG
2020-02-05,KALPATPOWR,SELL,436.55,"20,830","-1,868",190,STCG
2020-02-05,PVR,SELL,2053.35,"36,918","8,592",190,STCG
2020-02-05,RAJESHEXPO,SELL,720.10,"33,727","1,119",190,STCG
2020-02-05,RITES,SELL,116.67,"1,278",301,190,STCG
2020-02-05,SHREECEM,SELL,24278.77,"3,142",525,190,STCG
2020-02-05,SRF,SELL,780.08,"6,949","2,289",190,STCG
2020-02-05,UPL,SELL,504.42,"23,465","-1,583",190,STCG
2020-02-05,VINATIORGA,SELL,1029.04,"28,038","2,773",190,STCG
2020-02-05,WIPRO,SELL,112.61,"27,942","-2,487",377,LTCG
2020-02-05,WIPRO,SELL,112.61,953,-79,190,STCG
2020-02-05,ICICIGI,BUY,1281.62,"3,011",,0,
2020-02-05,JKCEMENT,BUY,1356.63,108,,0,
2020-02-05,MUTHOOTFIN,BUY,678.09,279,,0,
2020-02-05,NAUKRI,BUY,584.64,47,,0,
2020-02-05,PIIND,BUY,1504.65,"5,456",,0,
2020-02-05,ADANIGREEN,BUY,193.25,"20,412",,0,
2020-02-05,AAVAS,BUY,1950.85,"36,456",,0,
2020-02-05,HDFCAMC,BUY,1404.62,"29,734",,0,
2020-02-05,COROMANDEL,BUY,577.46,"46,989",,0,
2020-02-05,CREDITACC,BUY,805.17,"31,293",,0,
2020-02-05,NH,BUY,357.27,"34,169",,0,
2020-02-05,TATAGLOBAL,BUY,394.60,"34,575",,0,
2020-02-05,BHARTIARTL,BUY,519.41,"28,507",,0,
2020-02-05,INOXLEISUR,BUY,411.65,"35,052",,0,
2020-03-27,TATAGLOBAL,SELL,nan,"24,029","-10,546",51,STCG
2020-08-11,AAVAS,SELL,1395.80,"26,084","-10,372",188,STCG
2020-08-11,ABBOTINDIA,SELL,15712.53,"18,893","9,574",565,LTCG
2020-08-11,ADANIGREEN,SELL,360.65,"2,928","1,359",188,STCG
2020-08-11,ATUL,SELL,5180.86,"38,257","12,902",565,LTCG
2020-08-11,ATUL,SELL,5180.86,"4,793","1,495",378,LTCG
2020-08-11,BHARTIARTL,SELL,538.62,"29,561","1,054",188,STCG
2020-08-11,COROMANDEL,SELL,737.44,"8,657","1,878",188,STCG
2020-08-11,CREDITACC,SELL,576.23,"22,395","-8,898",188,STCG
2020-08-11,HDFCAMC,SELL,1042.80,"22,075","-7,659",188,STCG
2020-08-11,ICICIGI,SELL,1293.70,"31,505","4,545",378,LTCG
2020-08-11,ICICIGI,SELL,1293.70,"3,039",28,188,STCG
2020-08-11,INOXLEISUR,SELL,235.60,"20,061","-14,991",188,STCG
2020-08-11,IPCALAB,SELL,984.70,"20,025","12,248",565,LTCG
2020-08-11,JKCEMENT,SELL,1492.51,"7,473","2,825",378,LTCG
2020-08-11,MUTHOOTFIN,SELL,1073.94,"24,229","12,109",378,LTCG
2020-08-11,NAUKRI,SELL,664.47,"30,364","10,459",378,LTCG
2020-08-11,NAUKRI,SELL,664.47,54,6,188,STCG
2020-08-11,NH,SELL,325.37,"31,118","-3,051",188,STCG
2020-08-11,PIIND,SELL,1873.37,"19,920","8,458",378,LTCG
2020-08-11,RITES,SELL,95.75,"23,624","1,624",378,LTCG
2020-08-11,SHREECEM,SELL,21114.60,"32,525","1,375",378,LTCG
2020-08-11,SRF,SELL,816.26,"35,242","12,656",378,LTCG
2020-08-11,DIXON,BUY,1600.45,"37,366",,0,
2020-08-11,JBCHEPHARM,BUY,363.48,"40,227",,0,
2020-08-11,BAYERCROP,BUY,5226.44,"43,425",,0,
2020-08-11,NAVINFLUOR,BUY,2056.24,"32,652",,0,
2020-08-11,GMMPFAUDLR,BUY,2159.85,"28,047",,0,
2020-08-11,INDIAMART,BUY,1441.47,"35,245",,0,
2020-08-11,BALKRISIND,BUY,1297.40,"33,239",,0,
2020-08-11,MARKSANS,BUY,47.80,"23,263",,0,
2020-08-11,BIOCON,BUY,404.00,"43,312",,0,
2020-08-11,ESCORTS,BUY,1082.98,"27,162",,0,
2020-08-11,CDSL,BUY,167.98,"40,140",,0,
2020-08-11,SYNGENE,BUY,489.58,"45,778",,0,
2020-08-11,DRREDDY,BUY,890.74,"44,663",,0,
2021-02-10,ABBOTINDIA,SELL,13673.64,"39,048","16,916",748,LTCG
2021-02-10,ADANIGREEN,SELL,1080.45,"55,030","45,188",371,LTCG
2021-02-10,BALKRISIND,SELL,1588.31,"40,692","7,453",183,STCG
2021-02-10,BAYERCROP,SELL,4840.30,"40,217","-3,208",183,STCG
2021-02-10,BIOCON,SELL,404.60,"43,376",64,183,STCG
2021-02-10,CDSL,SELL,248.48,"10,858","3,518",183,STCG
2021-02-10,COROMANDEL,SELL,733.12,"51,049","10,839",371,LTCG
2021-02-10,DIXON,SELL,3738.43,"29,430","16,831",183,STCG
2021-02-10,DRREDDY,SELL,934.96,"46,880","2,217",183,STCG
2021-02-10,ESCORTS,SELL,1399.35,"35,097","7,935",183,STCG
2021-02-10,GMMPFAUDLR,SELL,1228.86,"15,958","-12,090",183,STCG
2021-02-10,INDIAMART,SELL,4542.36,"72,239","49,315",183,STCG
2021-02-10,IPCALAB,SELL,972.17,"40,019","24,277",748,LTCG
2021-02-10,JBCHEPHARM,SELL,509.40,"56,376","16,149",183,STCG
2021-02-10,MUTHOOTFIN,SELL,1159.64,"25,716","13,802",561,LTCG
2021-02-10,MUTHOOTFIN,SELL,1159.64,476,198,371,LTCG
2021-02-10,NAVINFLUOR,SELL,2512.42,"39,896","7,244",183,STCG
2021-02-10,PIIND,SELL,2193.05,"34,434","17,508",561,LTCG
2021-02-10,PIIND,SELL,2193.05,"7,952","2,496",371,LTCG
2021-02-10,SYNGENE,SELL,571.20,"53,410","7,632",183,STCG
2021-02-10,JKCEMENT,BUY,2335.77,"7,739",,0,
2021-02-10,MARKSANS,BUY,57.40,"22,244",,0,
2021-02-10,SEQUENT,BUY,246.70,"60,322",,0,
2021-02-10,TANLA,BUY,643.18,"41,820",,0,
2021-02-10,LAURUSLABS,BUY,354.91,"53,207",,0,
2021-02-10,INTELLECT,BUY,441.01,"54,656",,0,
2021-02-10,SOLARA,BUY,1500.02,"50,224",,0,
2021-02-10,FSL,BUY,85.74,"45,746",,0,
2021-02-10,BSOFT,BUY,238.01,"43,659",,0,
2021-02-10,RAMCOSYS,BUY,626.00,"42,813",,0,
2021-02-10,LTI,BUY,3999.90,"52,283",,0,
2021-02-10,PGHL,BUY,6626.34,"72,823",,0,
2021-02-10,NEULANDLAB,BUY,1986.01,"35,227",,0,
2021-02-10,WIPRO,BUY,204.06,"74,299",,0,
2021-02-10,BALAMINES,BUY,1438.45,"38,632",,0,
2021-02-10,IFBIND,BUY,1334.15,"38,850",,0,
2021-04-01,ADANIGREEN,SELL,1160.05,"1,316","1,097",421,LTCG
2021-04-01,BALAMINES,SELL,1754.41,"1,148",207,50,STCG
2021-04-01,BSOFT,SELL,246.91,"1,103",40,50,STCG
2021-04-01,CDSL,SELL,312.40,"1,486",687,233,STCG
2021-04-01,DIXON,SELL,3581.09,"1,350",747,233,STCG
2021-04-01,FSL,SELL,106.23,"1,381",266,50,STCG
2021-04-01,IFBIND,SELL,1096.80,778,-168,50,STCG
2021-04-01,INDIAMART,SELL,3883.14,808,508,233,STCG
2021-04-01,INTELLECT,SELL,720.40,"2,175",843,50,STCG
2021-04-01,JKCEMENT,SELL,2858.61,"2,018","1,363",611,LTCG
2021-04-01,LAURUSLABS,SELL,360.84,"1,318",22,50,STCG
2021-04-01,LTI,SELL,4112.80,"1,309",36,50,STCG
2021-04-01,MARKSANS,SELL,53.44,"1,138",120,233,STCG
2021-04-01,NEULANDLAB,SELL,2159.56,933,75,50,STCG
2021-04-01,PGHL,SELL,5571.36,"1,491",-282,50,STCG
2021-04-01,RAMCOSYS,SELL,570.50,950,-92,50,STCG
2021-04-01,SEQUENT,SELL,243.90,"1,453",-17,50,STCG
2021-04-01,SOLARA,SELL,1401.74,"1,143",-80,50,STCG
2021-04-01,TANLA,SELL,796.52,"1,262",243,50,STCG
2021-04-01,WIPRO,SELL,193.56,"1,717",-93,50,STCG
2021-08-16,ADANIGREEN,SELL,925.25,"42,041","33,260",558,LTCG
2021-08-16,BALAMINES,SELL,3369.02,"30,722","17,605",187,STCG
2021-08-16,BSOFT,SELL,405.28,"1,554",642,187,STCG
2021-08-16,CDSL,SELL,586.50,"50,624","36,124",370,LTCG
2021-08-16,FSL,SELL,181.47,"37,898","19,992",187,STCG
2021-08-16,IFBIND,SELL,935.30,"26,572","-11,332",187,STCG
2021-08-16,INDIAMART,SELL,3492.30,"29,123","17,102",370,LTCG
2021-08-16,INTELLECT,SELL,662.53,"80,110","26,785",187,STCG
2021-08-16,JKCEMENT,SELL,3064.56,"76,263","53,162",748,LTCG
2021-08-16,JKCEMENT,SELL,3064.56,244,136,558,LTCG
2021-08-16,JKCEMENT,SELL,3064.56,"10,153","2,415",187,STCG
2021-08-16,LAURUSLABS,SELL,680.93,"12,381","5,928",187,STCG
2021-08-16,LTI,SELL,4774.80,"60,891","9,882",187,STCG
2021-08-16,MARKSANS,SELL,73.49,"34,196","11,951",370,LTCG
2021-08-16,MARKSANS,SELL,73.49,"28,476","6,232",187,STCG
2021-08-16,NEULANDLAB,SELL,1659.45,"28,718","-5,651",187,STCG
2021-08-16,PGHL,SELL,4940.74,"52,976","-18,073",187,STCG
2021-08-16,RAMCOSYS,SELL,471.65,"31,471","-10,299",187,STCG
2021-08-16,SEQUENT,SELL,244.25,"58,268",-584,187,STCG
2021-08-16,SOLARA,SELL,1694.17,"55,343","6,343",187,STCG
2021-08-16,WIPRO,SELL,285.43,"18,110","5,163",187,STCG
2021-08-16,DIXON,BUY,4147.94,"9,665",,0,
2021-08-16,TANLA,BUY,845.38,"4,196",,0,
2021-08-16,TATAELXSI,BUY,4257.32,"96,255",,0,
2021-08-16,KPITTECH,BUY,340.15,"70,618",,0,
2021-08-16,PRAJIND,BUY,317.59,"49,873",,0,
2021-08-16,TATASTEEL,BUY,133.73,"73,507",,0,
2021-08-16,JSWENERGY,BUY,241.04,"53,755",,0,
2021-08-16,CGPOWER,BUY,79.72,"64,674",,0,
2021-08-16,PRINCEPIPE,BUY,645.40,"64,351",,0,
2021-08-16,TATASTLBSL,BUY,99.55,"49,742",,0,
2021-08-16,CARBORUNIV,BUY,695.00,"74,038",,0,
2021-08-16,CYIENT,BUY,877.12,"67,421",,0,
2021-08-16,HEG,BUY,437.00,"40,061",,0,
2021-08-16,DEEPAKFERT,BUY,415.57,"44,170",,0,
2021-12-14,TATASTLBSL,SELL,nan,"31,985","-17,757",120,STCG
2022-02-16,BALAMINES,SELL,2995.54,"51,173","26,600",371,LTCG
2022-02-16,BSOFT,SELL,422.60,"74,011","32,328",371,LTCG
2022-02-16,CARBORUNIV,SELL,851.70,"90,732","16,694",184,STCG
2022-02-16,CGPOWER,SELL,164.77,"40,424","20,866",184,STCG
2022-02-16,CYIENT,SELL,809.35,"62,212","-5,210",184,STCG
2022-02-16,DEEPAKFERT,SELL,558.11,"59,321","15,151",184,STCG
2022-02-16,DIXON,SELL,4264.61,"64,387","40,224",554,LTCG
2022-02-16,DIXON,SELL,4264.61,"9,937",272,184,STCG
2022-02-16,FSL,SELL,121.30,"37,807","11,082",371,LTCG
2022-02-16,HEG,SELL,259.00,"23,744","-16,318",184,STCG
2022-02-16,KPITTECH,SELL,580.43,"58,213","24,099",184,STCG
2022-02-16,LAURUSLABS,SELL,543.57,"69,623","24,165",371,LTCG
2022-02-16,PRINCEPIPE,SELL,671.87,"66,990","2,639",184,STCG
2022-02-16,TANLA,SELL,1577.74,"47,470","28,119",371,LTCG
2022-02-16,TATAELXSI,SELL,6765.64,"73,678","27,315",184,STCG
2022-02-16,TATASTEEL,SELL,104.90,"57,658","-15,849",184,STCG
2022-02-16,WIPRO,SELL,262.12,"76,481","16,940",371,LTCG
2022-02-16,CDSL,BUY,711.73,"22,244",,0,
2022-02-16,JSWENERGY,BUY,322.82,"18,314",,0,
2022-02-16,PRAJIND,BUY,361.16,"22,513",,0,
2022-02-16,TRIDENT,BUY,56.14,"75,017",,0,
2022-02-16,TTML,BUY,147.00,"57,523",,0,
2022-02-16,ADANITRANS,BUY,1932.55,"87,128",,0,
2022-02-16,ATGL,BUY,1686.19,"98,120",,0,
2022-02-16,FLUOROCHEM,BUY,2792.03,"71,556",,0,
2022-02-16,LINDEINDIA,BUY,2644.58,"77,687",,0,
2022-02-16,POLYPLEX,BUY,1852.60,"89,623",,0,
2022-02-16,SRF,BUY,2432.91,"91,982",,0,
2022-02-16,OLECTRA,BUY,777.80,"68,715",,0,
2022-02-16,ZENTEC,BUY,210.10,"50,850",,0,
2022-02-16,TEJASNET,BUY,436.73,"63,508",,0,
2022-02-16,NETWORK18,BUY,86.70,"46,209",,0,
2022-02-16,BCG,BUY,85.29,"49,990",,0,
2022-04-01,ADANITRANS,SELL,2421.45,"4,233",855,44,STCG
2022-04-01,ATGL,SELL,2249.29,"5,075","1,271",44,STCG
2022-04-01,BCG,SELL,102.15,"2,322",383,44,STCG
2022-04-01,CDSL,SELL,717.94,"3,770","2,888",598,LTCG
2022-04-01,CGPOWER,SELL,186.06,"4,083","2,334",228,STCG
2022-04-01,FLUOROCHEM,SELL,2785.88,"2,769",-6,44,STCG
2022-04-01,JSWENERGY,SELL,301.37,"3,269",654,228,STCG
2022-04-01,KPITTECH,SELL,596.01,"2,480","1,065",228,STCG
2022-04-01,LINDEINDIA,SELL,3844.70,"4,380","1,367",44,STCG
2022-04-01,NETWORK18,SELL,87.85,"1,816",24,44,STCG
2022-04-01,OLECTRA,SELL,687.75,"2,356",-308,44,STCG
2022-04-01,POLYPLEX,SELL,2327.35,"4,366",891,44,STCG
2022-04-01,PRAJIND,SELL,379.92,"3,232",530,228,STCG
2022-04-01,SRF,SELL,2590.19,"3,797",231,44,STCG
2022-04-01,TANLA,SELL,1383.89,"2,056","1,100",415,LTCG
2022-04-01,TATAELXSI,SELL,8616.24,"3,916","1,981",228,STCG
2022-04-01,TEJASNET,SELL,446.45,"2,517",55,44,STCG
2022-04-01,TRIDENT,SELL,52.61,"2,726",-183,44,STCG
2022-04-01,TTML,SELL,175.00,"2,655",425,44,STCG
2022-04-01,ZENTEC,SELL,201.37,"1,890",-82,44,STCG
2022-08-22,ADANITRANS,SELL,3486.40,"93,672","41,749",187,STCG
2022-08-22,ATGL,SELL,3364.30,"141,124","70,392",187,STCG
2022-08-22,BCG,SELL,46.50,"26,198","-21,854",187,STCG
2022-08-22,CDSL,SELL,565.69,"55,965","39,346",741,LTCG
2022-08-22,CDSL,SELL,565.69,"17,680","-4,564",187,STCG
2022-08-22,CGPOWER,SELL,227.11,"46,793","30,368",371,LTCG
2022-08-22,FLUOROCHEM,SELL,3393.77,"11,989","2,126",187,STCG
2022-08-22,JSWENERGY,SELL,299.00,"63,438","12,297",371,LTCG
2022-08-22,JSWENERGY,SELL,299.00,"16,963","-1,351",187,STCG
2022-08-22,KPITTECH,SELL,550.23,"56,760","21,672",371,LTCG
2022-08-22,LINDEINDIA,SELL,3310.58,"29,708","5,976",187,STCG
2022-08-22,NETWORK18,SELL,72.15,"36,963","-7,454",187,STCG
2022-08-22,OLECTRA,SELL,610.50,"51,843","-14,207",187,STCG
2022-08-22,POLYPLEX,SELL,2003.88,"93,182","7,034",187,STCG
2022-08-22,PRAJIND,SELL,363.19,"53,944","6,772",371,LTCG
2022-08-22,PRAJIND,SELL,363.19,"22,639",126,187,STCG
2022-08-22,SRF,SELL,2368.09,"86,060","-2,356",187,STCG
2022-08-22,TANLA,SELL,669.97,"21,348",853,558,LTCG
2022-08-22,TANLA,SELL,669.97,"3,325",-871,371,LTCG
2022-08-22,TATAELXSI,SELL,9511.20,"46,385","25,623",371,LTCG
2022-08-22,TEJASNET,SELL,491.53,"68,706","7,660",187,STCG
2022-08-22,TRIDENT,SELL,36.84,"47,317","-24,791",187,STCG
2022-08-22,TTML,SELL,101.50,"38,178","-17,114",187,STCG
2022-08-22,ZENTEC,SELL,202.46,"47,101","-1,777",187,STCG
2022-08-22,INDHOTEL,BUY,265.77,"94,174",,0,
2022-08-22,TVSMOTOR,BUY,921.62,"110,030",,0,
2022-08-22,ADANIPOWER,BUY,86.50,"50,664",,0,
2022-08-22,ABB,BUY,2813.04,"96,567",,0,
2022-08-22,M&M,BUY,1195.55,"98,065",,0,
2022-08-22,HAL,BUY,1063.37,"84,822",,0,
2022-08-22,ITC,BUY,272.10,"123,751",,0,
2022-08-22,VBL,BUY,183.37,"86,070",,0,
2022-08-22,BLUEDART,BUY,8412.82,"107,512",,0,
2022-08-22,FINEORG,BUY,6064.55,"58,840",,0,
2022-08-22,COALINDIA,BUY,163.48,"74,508",,0,
2022-08-22,GHCL,BUY,553.41,"63,228",,0,
2022-08-22,GMDCLTD,BUY,153.58,"44,228",,0,
2022-08-22,SCHAEFFLER,BUY,2884.34,"78,912",,0,
2023-02-21,ABB,SELL,3106.98,"106,658","10,091",183,STCG
2023-02-21,ADANIPOWER,SELL,34.20,"20,031","-30,632",183,STCG
2023-02-21,ADANITRANS,SELL,830.70,"13,680","-18,146",370,LTCG
2023-02-21,ATGL,SELL,876.80,"12,263","-11,320",370,LTCG
2023-02-21,BLUEDART,SELL,6283.52,"80,301","-27,211",183,STCG
2023-02-21,CGPOWER,SELL,316.01,"8,398","6,279",554,LTCG
2023-02-21,FINEORG,SELL,4989.85,"48,413","-10,427",183,STCG
2023-02-21,FLUOROCHEM,SELL,3047.53,"64,309","5,392",370,LTCG
2023-02-21,GHCL,SELL,489.58,"55,936","-7,292",183,STCG
2023-02-21,GMDCLTD,SELL,130.35,"37,537","-6,690",183,STCG
2023-02-21,HAL,SELL,1259.95,"15,255","2,380",183,STCG
2023-02-21,INDHOTEL,SELL,308.01,"109,144","14,971",183,STCG
2023-02-21,ITC,SELL,336.04,"29,192","5,554",183,STCG
2023-02-21,LINDEINDIA,SELL,3737.18,"71,990","21,047",370,LTCG
2023-02-21,SCHAEFFLER,SELL,2894.12,"10,153",34,183,STCG
2023-02-21,TATAELXSI,SELL,6472.90,"41,349","14,153",554,LTCG
2023-02-21,TVSMOTOR,SELL,1112.85,"47,576","8,175",183,STCG
2023-02-21,VBL,SELL,264.06,"67,754","20,705",183,STCG
2023-02-21,COALINDIA,BUY,174.83,"36,514",,0,
2023-02-21,M&M,BUY,1317.52,"9,867",,0,
2023-02-21,KTKBANK,BUY,130.95,"53,049",,0,
2023-02-21,CRAFTSMAN,BUY,3538.92,"88,270",,0,
2023-02-21,UJJIVAN,BUY,256.51,"64,688",,0,
2023-02-21,CUMMINSIND,BUY,1517.51,"112,235",,0,
2023-02-21,INDIANB,BUY,263.88,"72,311",,0,
2023-02-21,SOUTHBANK,BUY,16.72,"49,145",,0,
2023-02-21,MAZDOCK,BUY,362.61,"43,643",,0,
2023-02-21,RVNL,BUY,62.85,"49,172",,0,
2023-02-21,GRSE,BUY,426.52,"42,524",,0,
2023-02-21,APOLLOTYRE,BUY,316.82,"77,180",,0,
2023-02-21,KRBL,BUY,354.47,"57,525",,0,
2023-02-21,METROBRAND,BUY,838.09,"79,710",,0,
2023-04-03,APOLLOTYRE,SELL,310.62,"1,301",-26,41,STCG
2023-04-03,CGPOWER,SELL,294.60,"1,577","1,151",595,LTCG
2023-04-03,COALINDIA,SELL,179.81,"2,055",187,224,STCG
2023-04-03,CRAFTSMAN,SELL,3121.76,"1,339",-179,41,STCG
2023-04-03,CUMMINSIND,SELL,1543.38,"1,963",33,41,STCG
2023-04-03,GRSE,SELL,437.07,749,18,41,STCG
2023-04-03,HAL,SELL,1312.65,"1,527",290,224,STCG
2023-04-03,INDIANB,SELL,268.32,"1,264",21,41,STCG
2023-04-03,ITC,SELL,333.10,"2,107",386,224,STCG
2023-04-03,KRBL,SELL,341.21,952,-37,41,STCG
2023-04-03,KTKBANK,SELL,119.89,835,-77,41,STCG
2023-04-03,M&M,SELL,1140.19,"1,755",-85,224,STCG
2023-04-03,MAZDOCK,SELL,319.80,662,-89,41,STCG
2023-04-03,METROBRAND,SELL,783.67,"1,282",-89,41,STCG
2023-04-03,RVNL,SELL,72.91,981,135,41,STCG
2023-04-03,SCHAEFFLER,SELL,2809.60,"1,152",-31,224,STCG
2023-04-03,SOUTHBANK,SELL,15.02,759,-86,41,STCG
2023-04-03,TVSMOTOR,SELL,1072.27,"1,413",199,224,STCG
2023-04-03,UJJIVAN,SELL,258.92,"1,123",10,41,STCG
2023-04-03,VBL,SELL,282.00,"1,032",361,224,STCG
2023-08-28,APOLLOTYRE,SELL,380.41,"91,075","15,222",188,STCG
2023-08-28,CGPOWER,SELL,407.70,"124,766","100,370",742,LTCG
2023-08-28,COALINDIA,SELL,190.69,"84,731","12,091",371,LTCG
2023-08-28,COALINDIA,SELL,190.69,"39,827","3,313",188,STCG
2023-08-28,CRAFTSMAN,SELL,4822.97,"118,230","31,477",188,STCG
2023-08-28,CUMMINSIND,SELL,1662.93,"120,875","10,570",188,STCG
2023-08-28,GRSE,SELL,784.56,"76,875","35,083",188,STCG
2023-08-28,HAL,SELL,1901.84,"44,583","19,655",371,LTCG
2023-08-28,INDIANB,SELL,378.78,"102,012","30,944",188,STCG
2023-08-28,ITC,SELL,393.96,"142,456","44,064",371,LTCG
2023-08-28,KRBL,SELL,385.09,"61,420","4,884",188,STCG
2023-08-28,M&M,SELL,1525.73,"122,800","26,575",371,LTCG
2023-08-28,M&M,SELL,1525.73,"11,426","1,559",188,STCG
2023-08-28,MAZDOCK,SELL,892.47,"52,493","31,165",188,STCG
2023-08-28,METROBRAND,SELL,1018.69,"95,221","16,881",188,STCG
2023-08-28,RVNL,SELL,125.70,"5,264","2,632",188,STCG
2023-08-28,SCHAEFFLER,SELL,2955.73,"69,284","1,673",371,LTCG
2023-08-28,SOUTHBANK,SELL,22.52,"65,057","16,757",188,STCG
2023-08-28,TVSMOTOR,SELL,1333.72,"100,453","31,039",371,LTCG
2023-08-28,VBL,SELL,349.21,"73,034","34,684",371,LTCG
2023-08-28,KTKBANK,BUY,215.32,"42,465",,0,
2023-08-28,UJJIVAN,BUY,482.99,"36,353",,0,
2023-08-28,ACE,BUY,765.90,"73,663",,0,
2023-08-28,ZENTEC,BUY,812.51,"46,476",,0,
2023-08-28,ANANTRAJ,BUY,213.65,"161,894",,0,
2023-08-28,RKFORGE,BUY,658.70,"147,378",,0,
2023-08-28,JINDALSAW,BUY,151.37,"48,266",,0,
2023-08-28,PFC,BUY,195.39,"161,894",,0,
2023-08-28,USHAMART,BUY,342.96,"74,868",,0,
2023-08-28,SUZLON,BUY,23.50,"44,310",,0,
2023-08-28,DATAPATTNS,BUY,2328.40,"66,466",,0,
2023-08-28,SUPREMEIND,BUY,4383.71,"87,908",,0,
2023-08-28,TEXRAIL,BUY,148.14,"113,855",,0,
2023-08-28,IDFCFIRSTB,BUY,90.75,"161,894",,0,
2023-08-28,KALYANKJIL,BUY,219.46,"109,852",,0,
2023-08-28,TATAMTRDVR,BUY,398.06,"161,894",,0,
2023-08-28,APARINDS,BUY,4987.09,"54,553",,0,
2024-03-01,ACE,SELL,1413.24,"135,923","62,260",186,STCG
2024-03-01,ANANTRAJ,SELL,354.65,"91,814","36,503",186,STCG
2024-03-01,APARINDS,SELL,6227.08,"68,118","13,564",186,STCG
2024-03-01,DATAPATTNS,SELL,2649.58,"75,634","9,168",186,STCG
2024-03-01,IDFCFIRSTB,SELL,81.93,"146,158","-15,736",186,STCG
2024-03-01,JINDALSAW,SELL,238.71,"76,113","27,847",186,STCG
2024-03-01,KALYANKJIL,SELL,397.39,"69,051","30,917",186,STCG
2024-03-01,KTKBANK,SELL,221.92,"88,356","36,219",374,LTCG
2024-03-01,KTKBANK,SELL,221.92,"43,767","1,302",186,STCG
2024-03-01,MAZDOCK,SELL,1032.91,"61,429","39,864",374,LTCG
2024-03-01,PFC,SELL,379.36,"184,270","89,362",186,STCG
2024-03-01,RKFORGE,SELL,774.50,"173,288","25,909",186,STCG
2024-03-01,RVNL,SELL,243.97,"91,765","68,126",374,LTCG
2024-03-01,SUPREMEIND,SELL,4069.10,"81,599","-6,309",186,STCG
2024-03-01,TATAMTRDVR,SELL,647.27,"36,706","14,133",186,STCG
2024-03-01,TEXRAIL,SELL,187.85,"44,034","9,308",186,STCG
2024-03-01,UJJIVAN,SELL,547.35,"135,663","72,087",374,LTCG
2024-03-01,UJJIVAN,SELL,547.35,"41,196","4,844",186,STCG
2024-03-01,USHAMART,SELL,317.12,"69,227","-5,640",186,STCG
2024-03-01,ZENTEC,SELL,907.82,"51,928","5,452",186,STCG
2024-03-01,HAL,BUY,3086.89,"54,356",,0,
2024-03-01,SUZLON,BUY,44.30,"57,037",,0,
2024-03-01,ELECTCAST,BUY,162.97,"129,505",,0,
2024-03-01,BSE,BUY,772.11,"126,248",,0,
2024-03-01,HBLPOWER,BUY,525.80,"124,019",,0,
2024-03-01,RECLTD,BUY,413.97,"142,989",,0,
2024-03-01,IFCI,BUY,45.50,"76,850",,0,
2024-03-01,NBCC,BUY,88.63,"96,684",,0,
2024-03-01,HSCL,BUY,363.24,"125,828",,0,
2024-03-01,LUPIN,BUY,1607.46,"225,438",,0,
2024-03-01,COCHINSHIP,BUY,862.56,"99,998",,0,
2024-03-01,ZOMATO,BUY,166.50,"170,454",,0,
2024-03-01,BSOFT,BUY,755.05,"198,850",,0,
2024-03-01,BHEL,BUY,235.10,"129,151",,0,
2024-04-01,ANANTRAJ,SELL,324.05,"9,195","3,133",217,STCG
2024-04-01,BHEL,SELL,253.54,"7,922",576,31,STCG
2024-04-01,BSE,SELL,895.52,"8,329","1,148",31,STCG
2024-04-01,BSOFT,SELL,742.38,"11,121",-190,31,STCG
2024-04-01,COCHINSHIP,SELL,955.84,"6,303",615,31,STCG
2024-04-01,ELECTCAST,SELL,178.75,"8,079",713,31,STCG
2024-04-01,HAL,SELL,3330.61,"11,493","7,823",588,LTCG
2024-04-01,HBLPOWER,SELL,458.65,"6,153",-901,31,STCG
2024-04-01,HSCL,SELL,315.30,"6,213",-945,31,STCG
2024-04-01,IFCI,SELL,41.60,"3,997",-375,31,STCG
2024-04-01,KALYANKJIL,SELL,423.71,"7,876","3,797",217,STCG
2024-04-01,LUPIN,SELL,1606.67,"12,817",-6,31,STCG
2024-04-01,NBCC,SELL,83.20,"5,162",-337,31,STCG
2024-04-01,PFC,SELL,371.18,"7,238","3,428",217,STCG
2024-04-01,RECLTD,SELL,419.01,"8,232",99,31,STCG
2024-04-01,RVNL,SELL,259.38,"5,178","3,923",405,LTCG
2024-04-01,SUZLON,SELL,41.35,"7,463","3,222",217,STCG
2024-04-01,TATAMTRDVR,SELL,656.18,"13,064","5,139",217,STCG
2024-04-01,TEXRAIL,SELL,172.20,"5,232",731,217,STCG
2024-04-01,ZOMATO,SELL,184.50,"10,744","1,048",31,STCG
2024-09-09,ANANTRAJ,SELL,608.60,"150,675","97,780",378,LTCG
2024-09-09,BHEL,SELL,262.05,"135,766","13,961",192,STCG
2024-09-09,BSE,SELL,941.96,"145,259","26,192",192,STCG
2024-09-09,BSOFT,SELL,612.73,"152,189","-35,350",192,STCG
2024-09-09,COCHINSHIP,SELL,1797.13,"87,062","45,275",192,STCG
2024-09-09,ELECTCAST,SELL,218.44,"37,250","9,459",192,STCG
2024-09-09,HAL,SELL,4569.87,"121,163","92,970",749,LTCG
2024-09-09,HBLPOWER,SELL,601.80,"133,871","16,906",192,STCG
2024-09-09,HSCL,SELL,529.58,"173,014","54,343",192,STCG
2024-09-09,IFCI,SELL,68.48,"7,922","2,658",192,STCG
2024-09-09,LUPIN,SELL,2203.10,"6,846","1,851",192,STCG
2024-09-09,NBCC,SELL,115.78,"2,337",548,192,STCG
2024-09-09,PFC,SELL,489.60,"158,303","95,128",378,LTCG
2024-09-09,RECLTD,SELL,545.26,"177,626","42,771",192,STCG
2024-09-09,RVNL,SELL,557.80,"69,704","61,851",566,LTCG
2024-09-09,SUZLON,SELL,74.34,"53,557","36,627",378,LTCG
2024-09-09,TATAMTRDVR,SELL,nan,"253,726","122,330",378,LTCG
2024-09-09,TEXRAIL,SELL,224.59,"113,139","38,511",378,LTCG
2024-09-09,ZOMATO,SELL,263.20,"57,588","21,158",192,STCG
2024-09-09,KALYANKJIL,BUY,640.73,"13,911",,0,
2024-09-09,OFSS,BUY,10131.36,"247,537",,0,
2024-09-09,BAJAJ-AUTO,BUY,10432.65,"296,844",,0,
2024-09-09,OIL,BUY,602.50,"162,709",,0,
2024-09-09,GLENMARK,BUY,1697.60,"283,585",,0,
2024-09-09,DIXON,BUY,12391.50,"191,798",,0,
2024-09-09,INDUSTOWER,BUY,421.50,"175,380",,0,
2024-09-09,BLUESTARCO,BUY,1780.75,"199,809",,0,
2024-09-09,MCX,BUY,1046.88,"176,634",,0,
2024-09-09,TVSMOTOR,BUY,2744.09,"278,439",,0,
2025-03-11,ANANTRAJ,SELL,512.80,"114,310","66,684",561,LTCG
2025-03-11,BAJAJ-AUTO,SELL,7213.06,"205,236","-91,608",183,STCG
2025-03-11,BLUESTARCO,SELL,2011.74,"126,041","14,472",183,STCG
2025-03-11,COCHINSHIP,SELL,1265.13,"77,037","24,513",375,LTCG
2025-03-11,DIXON,SELL,13292.98,"95,647","6,486",183,STCG
2025-03-11,ELECTCAST,SELL,97.51,"56,449","-37,899",375,LTCG
2025-03-11,GLENMARK,SELL,1396.77,"77,987","-16,796",183,STCG
2025-03-11,HAL,SELL,3419.82,"44,765","30,846",932,LTCG
2025-03-11,HAL,SELL,3419.82,"60,218","5,863",375,LTCG
2025-03-11,IFCI,SELL,42.15,"62,266","-4,949",375,LTCG
2025-03-11,INDUSTOWER,SELL,341.40,"142,051","-33,328",183,STCG
2025-03-11,KALYANKJIL,SELL,420.27,"129,528","61,888",561,LTCG
2025-03-11,KALYANKJIL,SELL,420.27,"9,125","-4,787",183,STCG
2025-03-11,LUPIN,SELL,1963.89,"100,821","18,298",375,LTCG
2025-03-11,MCX,SELL,933.71,"157,541","-19,094",183,STCG
2025-03-11,NBCC,SELL,78.87,"79,548","-9,847",375,LTCG
2025-03-11,OFSS,SELL,6987.03,"170,712","-76,825",183,STCG
2025-03-11,OIL,SELL,359.33,"97,039","-65,670",183,STCG
2025-03-11,RVNL,SELL,328.93,"67,769","54,821",749,LTCG
2025-03-11,SUZLON,SELL,53.76,"52,933","29,795",561,LTCG
2025-03-11,SUZLON,SELL,53.76,"69,216","12,180",375,LTCG
2025-03-11,TVSMOTOR,SELL,2271.46,"230,481","-47,957",183,STCG
2025-03-11,ZOMATO,SELL,208.07,"155,369","31,041",375,LTCG
2025-03-11,MUTHOOTFIN,BUY,2140.09,"214,919",,0,
2025-03-11,COROMANDEL,BUY,1715.38,"189,093",,0,
2025-03-11,BHARTIARTL,BUY,1649.16,"230,871",,0,
2025-03-11,CARTRADE,BUY,1551.20,"96,924",,0,
2025-03-11,DEEPAKFERT,BUY,1107.47,"86,237",,0,
2025-03-11,UPL,BUY,609.47,"176,081",,0,
2025-03-11,NAVINFLUOR,BUY,4112.13,"149,871",,0,
2025-03-11,LLOYDSME,BUY,1143.45,"111,439",,0,
2025-03-11,WOCKPHARMA,BUY,1289.10,"89,778",,0,
2025-03-11,FORTIS,BUY,626.30,"139,612",,0,
2025-03-11,HDFCBANK,BUY,831.51,"230,871",,0,
2025-03-11,INDIGO,BUY,4643.60,"170,825",,0,
2025-03-11,FSL,BUY,324.27,"100,096",,0,
2025-03-11,EICHERMOT,BUY,4921.73,"160,830",,0,
2025-03-11,PAYTM,BUY,713.35,"88,739",,0,
2025-03-11,INDHOTEL,BUY,746.85,"134,258",,0,
2025-04-01,BHARTIARTL,SELL,1709.86,"7,088",252,21,STCG
2025-04-01,BLUESTARCO,SELL,2075.38,"3,045",432,204,STCG
2025-04-01,CARTRADE,SELL,1596.20,"2,953",83,21,STCG
2025-04-01,COROMANDEL,SELL,2035.86,"6,646","1,046",21,STCG
2025-04-01,DEEPAKFERT,SELL,1094.11,"2,523",-31,21,STCG
2025-04-01,DIXON,SELL,12918.15,"3,169",129,204,STCG
2025-04-01,EICHERMOT,SELL,5239.26,"5,070",307,21,STCG
2025-04-01,FORTIS,SELL,688.65,"4,546",412,21,STCG
2025-04-01,FSL,SELL,327.06,"2,990",25,21,STCG
2025-04-01,GLENMARK,SELL,1505.51,"4,958",-633,204,STCG
2025-04-01,HDFCBANK,SELL,872.14,"7,171",334,21,STCG
2025-04-01,INDHOTEL,SELL,803.39,"4,277",301,21,STCG
2025-04-01,INDIGO,SELL,5019.52,"5,468",410,21,STCG
2025-04-01,LLOYDSME,SELL,1276.85,"3,685",385,21,STCG
2025-04-01,LUPIN,SELL,1943.31,"4,478",774,396,LTCG
2025-04-01,MUTHOOTFIN,SELL,2291.15,"6,813",449,21,STCG
2025-04-01,NAVINFLUOR,SELL,4187.74,"4,520",82,21,STCG
2025-04-01,PAYTM,SELL,801.10,"2,951",323,21,STCG
2025-04-01,UPL,SELL,628.99,"5,381",167,21,STCG
2025-04-01,WOCKPHARMA,SELL,1447.90,"2,986",327,21,STCG
2025-09-15,BHARTIARTL,SELL,1904.50,"258,721","34,687",188,STCG
2025-09-15,BLUESTARCO,SELL,1889.10,"90,837","5,210",371,LTCG
2025-09-15,CARTRADE,SELL,2316.90,"46,282","15,295",188,STCG
2025-09-15,COROMANDEL,SELL,2206.30,"236,007","52,513",188,STCG
2025-09-15,DEEPAKFERT,SELL,1407.90,"106,384","22,701",188,STCG
2025-09-15,DIXON,SELL,17977.00,"144,492","44,894",371,LTCG
2025-09-15,FSL,SELL,359.99,"107,832","10,700",188,STCG
2025-09-15,GLENMARK,SELL,2096.82,"83,618","15,920",371,LTCG
2025-09-15,HDFCBANK,SELL,967.05,"260,553","36,518",188,STCG
2025-09-15,INDHOTEL,SELL,790.85,"137,957","7,675",188,STCG
2025-09-15,INDIGO,SELL,5728.50,"19,408","3,676",188,STCG
2025-09-15,LLOYDSME,SELL,1322.40,"125,063","16,924",188,STCG
2025-09-15,LUPIN,SELL,2046.00,"154,511","33,118",563,LTCG
2025-09-15,MUTHOOTFIN,SELL,2912.37,"172,233","45,672",188,STCG
2025-09-15,PAYTM,SELL,1228.00,"35,210","14,756",188,STCG
2025-09-15,UPL,SELL,693.60,"194,453","23,585",188,STCG
2025-09-15,WOCKPHARMA,SELL,1513.20,"102,264","15,145",188,STCG
2025-09-15,EICHERMOT,BUY,6801.00,"65,480",,0,
2025-09-15,FORTIS,BUY,977.65,"21,885",,0,
2025-09-15,NAVINFLUOR,BUY,4776.89,"63,571",,0,
2025-09-15,CHOICEIN,BUY,822.10,"182,294",,0,
2025-09-15,ASTERDM,BUY,615.11,"194,998",,0,
2025-09-15,LAURUSLABS,BUY,894.11,"195,507",,0,
2025-09-15,DALBHARAT,BUY,2410.47,"246,939",,0,
2025-09-15,RADICO,BUY,2980.60,"228,240",,0,
2025-09-15,POWERINDIA,BUY,20180.00,"129,390",,0,
2025-09-15,MFSL,BUY,1581.20,"197,045",,0,
2025-09-15,LTF,BUY,234.68,"145,875",,0,
2025-09-15,HDFCAMC,BUY,2810.53,"144,480",,0,
2025-09-15,JKCEMENT,BUY,6475.00,"200,387",,0,
2025-09-15,INDIANB,BUY,696.55,"159,363",,0,
2025-09-15,FORCEMOT,BUY,18780.00,"89,026",,0,
2026-03-19,ASTERDM,SELL,633.43,"200,806","5,808",185,STCG
2026-03-19,CARTRADE,SELL,1641.70,"66,747","3,679",373,LTCG
2026-03-19,CHOICEIN,SELL,614.50,"136,260","-46,034",185,STCG
2026-03-19,DALBHARAT,SELL,1831.90,"187,668","-59,271",185,STCG
2026-03-19,EICHERMOT,SELL,6793.00,"45,699","12,589",373,LTCG
2026-03-19,FORTIS,SELL,818.35,"177,021","41,543",373,LTCG
2026-03-19,FORTIS,SELL,818.35,"18,319","-3,566",185,STCG
2026-03-19,HDFCAMC,SELL,2349.61,"120,786","-23,694",185,STCG
2026-03-19,INDIANB,SELL,859.15,"87,933","16,642",185,STCG
2026-03-19,INDIGO,SELL,4154.30,"134,224","-15,809",373,LTCG
2026-03-19,JKCEMENT,SELL,5001.00,"154,770","-45,617",185,STCG
2026-03-19,LTF,SELL,254.03,"42,566","3,242",185,STCG
2026-03-19,MFSL,SELL,1627.90,"34,813",999,185,STCG
2026-03-19,MUTHOOTFIN,SELL,3278.68,"125,615","43,622",373,LTCG
2026-03-19,NAVINFLUOR,SELL,6262.50,"161,817","55,564",373,LTCG
2026-03-19,PAYTM,SELL,1041.80,"95,888","30,231",373,LTCG
2026-03-19,POWERINDIA,SELL,24650.00,"158,051","28,661",185,STCG
2026-03-19,RADICO,SELL,2594.00,"198,636","-29,604",185,STCG
2026-03-19,FORCEMOT,BUY,20720.00,"31,870",,0,
2026-03-19,GLENMARK,BUY,2097.50,"76,283",,0,
2026-03-19,LAURUSLABS,BUY,943.96,"3,004",,0,
2026-03-19,SBC,BUY,31.66,"267,893",,0,
2026-03-19,MCX,BUY,2530.40,"108,137",,0,
2026-03-19,ASHOKLEY,BUY,165.74,"230,737",,0,
2026-03-19,ABCAPITAL,BUY,312.30,"150,430",,0,
2026-03-19,GVT&D,BUY,3761.80,"155,798",,0,
2026-03-19,CANBK,BUY,132.92,"147,986",,0,
2026-03-19,AUBANK,BUY,901.55,"141,240",,0,
2026-03-19,BHARATFORG,BUY,1712.40,"229,752",,0,
2026-03-19,CUMMINSIND,BUY,4505.70,"248,001",,0,
2026-03-19,MTARTECH,BUY,3492.50,"129,229",,0,
2026-03-19,PFOCUS,BUY,256.15,"120,229",,0,
2026-03-19,BSE,BUY,2895.00,"96,536",,0,
2026-04-01,ABCAPITAL,SELL,302.90,"2,811",-87,13,STCG
2026-04-01,ASHOKLEY,SELL,146.61,"3,932",-513,13,STCG
2026-04-01,AUBANK,SELL,874.90,"2,640",-80,13,STCG
2026-04-01,BHARATFORG,SELL,1668.40,"4,312",-114,13,STCG
2026-04-01,BSE,SELL,2867.60,"1,842",-18,13,STCG
2026-04-01,CANBK,SELL,127.30,"2,730",-121,13,STCG
2026-04-01,CUMMINSIND,SELL,4609.10,"4,887",110,13,STCG
2026-04-01,EICHERMOT,SELL,6825.50,"4,551","1,269",386,LTCG
2026-04-01,FORCEMOT,SELL,20733.00,"2,508",236,198,STCG
2026-04-01,GLENMARK,SELL,2101.10,"4,226",812,569,LTCG
2026-04-01,GVT&D,SELL,3798.70,"3,031",29,13,STCG
2026-04-01,INDIANB,SELL,888.00,"2,163",466,198,STCG
2026-04-01,LAURUSLABS,SELL,1037.77,"4,435",614,198,STCG
2026-04-01,LTF,SELL,242.15,"2,118",65,198,STCG
2026-04-01,MCX,SELL,2469.70,"2,033",-50,13,STCG
2026-04-01,MFSL,SELL,1477.40,"2,938",-206,198,STCG
2026-04-01,MTARTECH,SELL,3603.60,"2,569",79,13,STCG
2026-04-01,NAVINFLUOR,SELL,6034.00,"2,654",845,386,LTCG
2026-04-01,PFOCUS,SELL,337.30,"3,050",734,13,STCG
2026-04-01,SBC,SELL,30.24,"4,929",-231,13,STCG
